https://stei.itb.ac.id/en/,,,2017-08-20 05:24:26
https://stei.itb.ac.id/id/,https://stei.itb.ac.id/en/,A,2017-08-20 05:24:57
https://stei.itb.ac.id/en/about/links/,https://stei.itb.ac.id/en/,Links,2017-08-20 05:26:08
https://stei.itb.ac.id/en/about/awards/,https://stei.itb.ac.id/en/,Awards,2017-08-20 05:26:15
https://stei.itb.ac.id/en/about/organization/,https://stei.itb.ac.id/en/,Organization,2017-08-20 05:26:28
https://stei.itb.ac.id/en/about/,https://stei.itb.ac.id/en/,About,2017-08-20 05:26:28
https://stei.itb.ac.id/id/contact-2/,https://stei.itb.ac.id/en/,complete contact page,2017-08-20 05:26:34
https://stei.itb.ac.id/en/contact/,https://stei.itb.ac.id/en/,Contact,2017-08-20 05:26:41
https://stei.itb.ac.id/en/faculty/,https://stei.itb.ac.id/en/,People,2017-08-20 05:26:48
https://stei.itb.ac.id/en/education/accreditation/,https://stei.itb.ac.id/en/,Accreditation,2017-08-20 05:26:55
https://stei.itb.ac.id/en/education/admission/,https://stei.itb.ac.id/en/,Admission,2017-08-20 05:26:58
https://www.stei.itb.ac.id/file/stei-script/tati.html,https://stei.itb.ac.id/en/about/organization/,Prof.Dr. Ir. Tati Latifah E.R. Mengko,2017-08-20 05:27:03
https://stei.itb.ac.id/en/education/academic-program/,https://stei.itb.ac.id/en/,Academic Program,2017-08-20 05:27:03
https://stei.itb.ac.id/en/education/,https://stei.itb.ac.id/en/,Education,2017-08-20 05:27:10
https://stei.itb.ac.id/en/research/conferences/,https://stei.itb.ac.id/en/,Conferences,2017-08-20 05:27:17
https://www.stei.itb.ac.id/file/stei-script/aditk.html,https://stei.itb.ac.id/en/about/organization/,"Prof. Dr. Ir. Adit Kurniawan, M. Eng",2017-08-20 05:27:18
https://stei.itb.ac.id/en/research/projects/,https://stei.itb.ac.id/en/,Projects,2017-08-20 05:27:25
https://stei.itb.ac.id/en/research/publication/,https://stei.itb.ac.id/en/,Publications,2017-08-20 05:27:31
https://stei.itb.ac.id/en/research/groups-centers/,https://stei.itb.ac.id/en/,Groups & Centers,2017-08-20 05:27:35
https://stei.itb.ac.id/en/research/,https://stei.itb.ac.id/en/,Research,2017-08-20 05:27:39
https://stei.itb.ac.id/id/about-2/links-2/,https://stei.itb.ac.id/en/about/links/,A,2017-08-20 05:27:46
https://stei.itb.ac.id/id/about-2/,https://stei.itb.ac.id/en/about/,A,2017-08-20 05:28:04
https://stei.itb.ac.id/en/umar/,https://stei.itb.ac.id/en/faculty/,A,2017-08-20 05:28:09
https://stei.itb.ac.id/id/pengajar/,https://stei.itb.ac.id/en/faculty/,A,2017-08-20 05:28:17
https://stei.itb.ac.id/id/accreditation-2/,https://stei.itb.ac.id/en/education/accreditation/,A,2017-08-20 05:28:22
https://stei.itb.ac.id/id/pendidikan/admission-2/,https://stei.itb.ac.id/en/education/admission/,A,2017-08-20 05:28:28
https://stei.itb.ac.id/id/pendidikan/,https://stei.itb.ac.id/en/education/,A,2017-08-20 05:28:37
https://stei.itb.ac.id/id/research-2/conferences-2/,https://stei.itb.ac.id/en/research/conferences/,A,2017-08-20 05:28:44
https://stei.itb.ac.id/id/research-2/projects-2/,https://stei.itb.ac.id/en/research/projects/,A,2017-08-20 05:28:50
https://stei.itb.ac.id/id/research-2/publication-2/,https://stei.itb.ac.id/en/research/publication/,A,2017-08-20 05:29:02
https://stei.itb.ac.id/id/research-2/groups-centers-2/,https://stei.itb.ac.id/en/research/groups-centers/,A,2017-08-20 05:29:09
https://stei.itb.ac.id/id/research-2/,https://stei.itb.ac.id/en/research/,A,2017-08-20 05:29:17
https://stei.itb.ac.id/id/adit/,https://stei.itb.ac.id/id/pengajar/,A,2017-08-20 05:30:02
https://stei.itb.ac.id/en/doctor-electrical-informatics/,https://stei.itb.ac.id/en/education/academic-program/,A,2017-08-20 05:30:16
https://stei.itb.ac.id/en/master-informatics/,https://stei.itb.ac.id/en/education/academic-program/,A,2017-08-20 05:30:42
https://stei.itb.ac.id/en/master-electrical/,https://stei.itb.ac.id/en/education/academic-program/,A,2017-08-20 05:31:04
https://stei.itb.ac.id/id/blog/2017/07/31/penelitian-kerjasama-dr-ayu-purwarianti-meraih-project-excellence-dalam-bernd-rode-award-2017/2339/,https://stei.itb.ac.id/en/about/awards/,Penghargaan Anugerah TIK Jawa Barat 2012,2017-08-20 05:31:11
https://kv.stei.itb.ac.id/display/S2Mikro/Home,https://stei.itb.ac.id/en/master-electrical/,Teknik Elektronika,2017-08-20 05:31:17
https://stei.itb.ac.id/en/bachelor-biomedical/,https://stei.itb.ac.id/en/education/academic-program/,A,2017-08-20 05:31:23
https://mti.stei.itb.ac.id/,https://stei.itb.ac.id/en/master-electrical/,"Rekayasa Manajemen & Teknik Keamanan Informasi,",2017-08-20 05:31:25
https://stei.itb.ac.id/en/bachelor-system-information-technology/,https://stei.itb.ac.id/en/education/academic-program/,A,2017-08-20 05:31:29
https://stei.itb.ac.id/en/bachelor-telecommunication/,https://stei.itb.ac.id/en/education/academic-program/,A,2017-08-20 05:31:36
http://sti.stei.itb.ac.id,https://stei.itb.ac.id/en/bachelor-system-information-technology/,sti.stei.itb.ac.id,2017-08-20 05:31:43
https://stei.itb.ac.id/en/bachelor-power/,https://stei.itb.ac.id/en/education/academic-program/,A,2017-08-20 05:31:48
https://stei.itb.ac.id/en/bachelor-informatics/,https://stei.itb.ac.id/en/education/academic-program/,A,2017-08-20 05:32:02
https://stei.itb.ac.id/id/doktor-elektro-informatika/,https://stei.itb.ac.id/en/doctor-electrical-informatics/,A,2017-08-20 05:32:10
https://stei.itb.ac.id/id/magister-informatika/,https://stei.itb.ac.id/id/pendidikan/,A,2017-08-20 05:32:16
https://stei.itb.ac.id/id/research-2/groups-centers-2/informatika/,https://stei.itb.ac.id/id/research-2/groups-centers-2/,selengkapnya,2017-08-20 05:32:22
https://stei.itb.ac.id/id/magister-elektro/,https://stei.itb.ac.id/id/pendidikan/,A,2017-08-20 05:32:29
https://stei.itb.ac.id/id/sarjana-biomedika/,https://stei.itb.ac.id/id/pendidikan/,A,2017-08-20 05:32:37
https://stei.itb.ac.id/id/sarjana-telekomunikasi/,https://stei.itb.ac.id/en/bachelor-telecommunication/,A,2017-08-20 05:33:26
https://stei.itb.ac.id/id/sarjana-sistem-teknologi-informasi/,https://stei.itb.ac.id/en/bachelor-system-information-technology/,A,2017-08-20 05:33:33
https://stei.itb.ac.id/id/sarjana-tenaga-listrik/,https://stei.itb.ac.id/en/bachelor-power/,A,2017-08-20 05:33:44
https://stei.itb.ac.id/id/sarjana-informatika/,https://stei.itb.ac.id/en/bachelor-informatics/,A,2017-08-20 05:33:51
https://www.stei.itb.ac.id/file/stei-script/bambanga.html,https://stei.itb.ac.id/en/about/organization/,"Dr. Ir. Bambang Anggoro Soedjarno, MT.",2017-08-20 05:34:08
https://stei.itb.ac.id/id/research-2/groups-centers-2/teknik-telekomunikasi/,https://stei.itb.ac.id/id/research-2/groups-centers-2/,selengkapnya,2017-08-20 05:34:17
https://www.stei.itb.ac.id/file/stei-script/ian.html,https://stei.itb.ac.id/en/about/organization/,"Dr.Ir. Ian Joseph M. Edward, MT.",2017-08-20 05:34:20
https://www.stei.itb.ac.id/file/stei-script/imam.html,https://stei.itb.ac.id/en/about/organization/,"Achmad Imam Kistijantoro, ST,M.Sc, Ph.D",2017-08-20 05:34:27
https://www.stei.itb.ac.id/file/stei-script/nhariyanto.html,https://stei.itb.ac.id/en/about/organization/,"Dr.Ir. Nanang Hariyanto, MT.",2017-08-20 05:34:33
https://stei.itb.ac.id/id/research-2/groups-centers-2/rekayasa-perangkat-lunak-dan-pengetahuan/,https://stei.itb.ac.id/id/research-2/groups-centers-2/,selengkapnya,2017-08-20 05:34:56
https://stei.itb.ac.id/id/research-2/groups-centers-2/teknologi-informasi/,https://stei.itb.ac.id/id/research-2/groups-centers-2/,selengkapnya,2017-08-20 05:35:13
https://stei.itb.ac.id/id/pendidikan/program-studi/,https://stei.itb.ac.id/en/education/academic-program/,A,2017-08-20 05:35:27
https://stei.itb.ac.id/id/about-2/organization-2/,https://stei.itb.ac.id/en/about/organization/,A,2017-08-20 05:35:46
https://stei.itb.ac.id/id/research-2/groups-centers-2/elektronika/,https://stei.itb.ac.id/id/research-2/groups-centers-2/,selengkapnya,2017-08-20 05:35:53
https://stei.itb.ac.id/id/silabus-teknik-telematika-dan-jaringan-telekomunikasi/,https://stei.itb.ac.id/en/master-electrical/,Telematika & Jaringan Telekomunikasi,2017-08-20 05:36:07
https://stei.itb.ac.id/id/about-2/awards-2/,https://stei.itb.ac.id/en/about/awards/,A,2017-08-20 05:36:13
https://stei.itb.ac.id/id/research-2/groups-centers-2/teknik-ketenagalistrikan/,https://stei.itb.ac.id/id/research-2/groups-centers-2/,selengkapnya,2017-08-20 05:36:20
https://stei.itb.ac.id/id/research-2/groups-centers-2/teknik-kendali-dan-komputer/,https://stei.itb.ac.id/id/research-2/groups-centers-2/,selengkapnya,2017-08-20 05:36:27
https://stei.itb.ac.id/id/research-2/groups-centers-2/teknik-komputer/,https://stei.itb.ac.id/id/research-2/groups-centers-2/,selengkapnya,2017-08-20 05:36:34
https://stei.itb.ac.id/id/sarjana-elektro/,https://stei.itb.ac.id/id/pendidikan/,A,2017-08-20 05:36:52
https://stei.itb.ac.id/en/bachelor-electrical/,https://stei.itb.ac.id/en/education/academic-program/,A,2017-08-20 05:37:06
https://stei.itb.ac.id/id/research-2/groups-centers-2/teknik-biomedika/,https://stei.itb.ac.id/id/research-2/groups-centers-2/,selengkapnya,2017-08-20 05:37:20
https://informatika.undiksha.ac.id/icaicta2017/,https://stei.itb.ac.id/en/,ICAICTA 2017: International Conference on Advanced Informatics: Concept Theory and Applications,2017-08-20 05:37:49
http://isesd.stei.itb.ac.id/,https://stei.itb.ac.id/en/,2017 International Symposium on Electronics and Smart Devices (ISESD),2017-08-20 05:37:52
http://isesd.stei.itb.ac.id/?page_id=805,http://isesd.stei.itb.ac.id/,Conference Information,2017-08-20 05:37:56
http://isesd.stei.itb.ac.id/?page_id=878,http://isesd.stei.itb.ac.id/,Basuki Rachmatul Alam,2017-08-20 05:38:01
http://isesd.stei.itb.ac.id/?page_id=852,http://isesd.stei.itb.ac.id/,David Stoppa,2017-08-20 05:38:04
http://isesd.stei.itb.ac.id/?page_id=17,http://isesd.stei.itb.ac.id/,,2017-08-20 05:38:11
http://isesd.stei.itb.ac.id/?page_id=90,http://isesd.stei.itb.ac.id/,,2017-08-20 05:38:16
http://isesd.stei.itb.ac.id/?page_id=53,http://isesd.stei.itb.ac.id/?page_id=805,Participant,2017-08-20 05:38:23
http://isesd.stei.itb.ac.id/?page_id=14,http://isesd.stei.itb.ac.id/,Call for Paper,2017-08-20 05:38:30
http://isesd.stei.itb.ac.id/?page_id=623,http://isesd.stei.itb.ac.id/,ISESD 2016,2017-08-20 05:38:37
http://isesd.stei.itb.ac.id/?page_id=628,http://isesd.stei.itb.ac.id/,Past Events,2017-08-20 05:38:42
http://isesd.stei.itb.ac.id/?page_id=839,http://isesd.stei.itb.ac.id/,Registration,2017-08-20 05:38:50
http://isesd.stei.itb.ac.id/?page_id=37,http://isesd.stei.itb.ac.id/,Author Guidelines,2017-08-20 05:38:55
http://isesd.stei.itb.ac.id/?page_id=817,http://isesd.stei.itb.ac.id/,Venue,2017-08-20 05:39:00
http://isesd.stei.itb.ac.id/?page_id=811,http://isesd.stei.itb.ac.id/,Committees,2017-08-20 05:39:06
https://stei.itb.ac.id/id/blog/2017/07/31/penelitian-kerjasama-dr-ayu-purwarianti-meraih-project-excellence-dalam-bernd-rode-award-2017/1689/,https://stei.itb.ac.id/en/about/awards/,Penghargaan Artikel Terbaik,2017-08-20 05:39:06
http://isesd.stei.itb.ac.id/?page_id=910,http://isesd.stei.itb.ac.id/,Yusuf Kurniawan,2017-08-20 05:39:13
https://stei.itb.ac.id/id/persyaratan-mengikuti-wisuda/,https://stei.itb.ac.id/en/,Persyaratan Mengikuti Wisuda,2017-08-20 05:39:13
http://isesd.stei.itb.ac.id/?page_id=768,http://isesd.stei.itb.ac.id/,Yoshio Mita,2017-08-20 05:39:21
https://stei.itb.ac.id/id/edaran/,https://stei.itb.ac.id/en/,Surat Edaran,2017-08-20 05:39:24
http://isesd.stei.itb.ac.id/?page_id=771,http://isesd.stei.itb.ac.id/,M.K. Radhakrishnan,2017-08-20 05:39:27
https://stei.itb.ac.id/id/form/,https://stei.itb.ac.id/en/,Form,2017-08-20 05:39:33
http://isesd.stei.itb.ac.id/?page_id=766,http://isesd.stei.itb.ac.id/,Keynote Speakers,2017-08-20 05:39:33
http://isesd.stei.itb.ac.id/?page_id=809,http://isesd.stei.itb.ac.id/,Important Dates,2017-08-20 05:39:38
http://isesd.stei.itb.ac.id/?page_id=803,http://isesd.stei.itb.ac.id/,Call for Paper,2017-08-20 05:39:45
https://stei.itb.ac.id/file/stei-files/form_kegiatan_kk.doc,https://stei.itb.ac.id/id/form/,(.doc file),2017-08-20 05:40:31
https://stei.itb.ac.id/file/stei-files/form_penyelenggaraan_seminar.doc,https://stei.itb.ac.id/id/form/,(.doc file),2017-08-20 05:40:38
https://stei.itb.ac.id/file/stei-files/form_konferensi.doc,https://stei.itb.ac.id/id/form/,(.doc file),2017-08-20 05:40:44
https://stei.itb.ac.id/id/berkas-sipkd/,https://stei.itb.ac.id/id/form/,,2017-08-20 05:40:49
https://stei.itb.ac.id/file/stei-files/form_keanggotaan_society.doc,https://stei.itb.ac.id/id/form/,(.doc file),2017-08-20 05:40:55
https://stei.itb.ac.id/file/stei-files/form_laporan_DKO_kerma.xlsx,https://stei.itb.ac.id/id/form/,(.xlsx file),2017-08-20 05:41:02
https://stei.itb.ac.id/file/stei-files/form_rencana_seminar_dosen.xlsx,https://stei.itb.ac.id/id/form/,(.xlsx file),2017-08-20 05:41:09
https://stei.itb.ac.id/file/stei-files/form_pengajuan_barang.xlsx,https://stei.itb.ac.id/id/form/,(.xlsx file),2017-08-20 05:41:16
