https://stei.itb.ac.id/en/,,,2017-08-20 06:54:54
http://isesd.stei.itb.ac.id/,https://stei.itb.ac.id/en/,2017 International Symposium on Electronics and Smart Devices (ISESD),2017-08-20 06:55:02
https://stei.itb.ac.id/id/,https://stei.itb.ac.id/en/,A,2017-08-20 06:55:33
http://isesd.stei.itb.ac.id/?page_id=17,http://isesd.stei.itb.ac.id/,,2017-08-20 06:55:35
https://stei.itb.ac.id/id/contact-2/,https://stei.itb.ac.id/en/,complete contact page,2017-08-20 06:56:20
http://isesd.stei.itb.ac.id/?page_id=53,http://isesd.stei.itb.ac.id/?page_id=17,Participant,2017-08-20 06:56:23
https://stei.itb.ac.id/en/research/groups-centers/,https://stei.itb.ac.id/en/,Groups & Centers,2017-08-20 06:56:25
https://stei.itb.ac.id/en/research/,https://stei.itb.ac.id/en/,Research,2017-08-20 06:56:37
https://stei.itb.ac.id/en/about/links/,https://stei.itb.ac.id/en/,Links,2017-08-20 06:56:43
https://stei.itb.ac.id/en/about/awards/,https://stei.itb.ac.id/en/,Awards,2017-08-20 06:56:50
https://stei.itb.ac.id/en/about/organization/,https://stei.itb.ac.id/en/,Organization,2017-08-20 06:56:57
https://stei.itb.ac.id/en/about/,https://stei.itb.ac.id/en/,About,2017-08-20 06:57:03
https://stei.itb.ac.id/en/contact/,https://stei.itb.ac.id/en/,Contact,2017-08-20 06:57:11
https://stei.itb.ac.id/en/faculty/,https://stei.itb.ac.id/en/,People,2017-08-20 06:57:16
https://stei.itb.ac.id/en/education/accreditation/,https://stei.itb.ac.id/en/,Accreditation,2017-08-20 06:57:22
https://www.stei.itb.ac.id/file/stei-script/tati.html,https://stei.itb.ac.id/en/about/organization/,Prof.Dr. Ir. Tati Latifah E.R. Mengko,2017-08-20 06:57:23
https://stei.itb.ac.id/en/education/admission/,https://stei.itb.ac.id/en/,Admission,2017-08-20 06:57:29
https://www.stei.itb.ac.id/file/stei-script/aditk.html,https://stei.itb.ac.id/en/about/organization/,"Prof. Dr. Ir. Adit Kurniawan, M. Eng",2017-08-20 06:57:30
https://stei.itb.ac.id/en/education/academic-program/,https://stei.itb.ac.id/en/,Academic Program,2017-08-20 06:57:36
https://stei.itb.ac.id/en/education/,https://stei.itb.ac.id/en/,Education,2017-08-20 06:57:43
https://stei.itb.ac.id/en/research/conferences/,https://stei.itb.ac.id/en/,Conferences,2017-08-20 06:57:47
https://stei.itb.ac.id/id/research-2/groups-centers-2/,https://stei.itb.ac.id/en/research/groups-centers/,A,2017-08-20 06:58:08
https://stei.itb.ac.id/id/research-2/,https://stei.itb.ac.id/en/research/,A,2017-08-20 06:58:15
https://stei.itb.ac.id/id/about-2/links-2/,https://stei.itb.ac.id/en/about/links/,A,2017-08-20 06:58:19
https://stei.itb.ac.id/id/about-2/,https://stei.itb.ac.id/en/about/,A,2017-08-20 06:58:32
https://stei.itb.ac.id/en/umar/,https://stei.itb.ac.id/en/faculty/,A,2017-08-20 06:58:45
https://stei.itb.ac.id/id/accreditation-2/,https://stei.itb.ac.id/en/education/accreditation/,A,2017-08-20 06:58:49
https://stei.itb.ac.id/id/pengajar/,https://stei.itb.ac.id/en/faculty/,A,2017-08-20 06:58:56
https://stei.itb.ac.id/id/pendidikan/admission-2/,https://stei.itb.ac.id/en/education/admission/,A,2017-08-20 06:59:00
https://stei.itb.ac.id/id/pendidikan/,https://stei.itb.ac.id/en/education/,A,2017-08-20 06:59:14
https://stei.itb.ac.id/id/research-2/conferences-2/,https://stei.itb.ac.id/en/research/conferences/,A,2017-08-20 06:59:24
https://stei.itb.ac.id/id/edaran/,https://stei.itb.ac.id/en/,Surat Edaran,2017-08-20 06:59:32
https://stei.itb.ac.id/id/research-2/groups-centers-2/informatika/,https://stei.itb.ac.id/id/research-2/groups-centers-2/,selengkapnya,2017-08-20 07:00:07
https://stei.itb.ac.id/id/adit/,https://stei.itb.ac.id/id/pengajar/,A,2017-08-20 07:00:28
https://stei.itb.ac.id/en/doctor-electrical-informatics/,https://stei.itb.ac.id/en/education/academic-program/,A,2017-08-20 07:00:31
https://stei.itb.ac.id/en/master-informatics/,https://stei.itb.ac.id/en/education/academic-program/,A,2017-08-20 07:00:44
https://stei.itb.ac.id/en/master-electrical/,https://stei.itb.ac.id/en/education/academic-program/,A,2017-08-20 07:00:57
https://stei.itb.ac.id/en/bachelor-biomedical/,https://stei.itb.ac.id/en/education/academic-program/,A,2017-08-20 07:01:07
https://kv.stei.itb.ac.id/display/S2Mikro/Home,https://stei.itb.ac.id/en/master-electrical/,Teknik Elektronika,2017-08-20 07:01:16
https://stei.itb.ac.id/id/blog/2017/07/31/penelitian-kerjasama-dr-ayu-purwarianti-meraih-project-excellence-dalam-bernd-rode-award-2017/2339/,https://stei.itb.ac.id/en/about/awards/,Penghargaan Anugerah TIK Jawa Barat 2012,2017-08-20 07:01:25
https://mti.stei.itb.ac.id/,https://stei.itb.ac.id/en/master-electrical/,"Rekayasa Manajemen & Teknik Keamanan Informasi,",2017-08-20 07:01:32
https://stei.itb.ac.id/id/doktor-elektro-informatika/,https://stei.itb.ac.id/en/doctor-electrical-informatics/,A,2017-08-20 07:02:26
https://stei.itb.ac.id/id/magister-informatika/,https://stei.itb.ac.id/en/master-informatics/,A,2017-08-20 07:02:31
https://stei.itb.ac.id/id/sarjana-biomedika/,https://stei.itb.ac.id/en/bachelor-biomedical/,A,2017-08-20 07:02:44
https://stei.itb.ac.id/id/research-2/groups-centers-2/teknik-telekomunikasi/,https://stei.itb.ac.id/id/research-2/groups-centers-2/,selengkapnya,2017-08-20 07:02:51
https://stei.itb.ac.id/id/research-2/groups-centers-2/rekayasa-perangkat-lunak-dan-pengetahuan/,https://stei.itb.ac.id/id/research-2/groups-centers-2/,selengkapnya,2017-08-20 07:03:05
https://stei.itb.ac.id/id/research-2/groups-centers-2/teknologi-informasi/,https://stei.itb.ac.id/id/research-2/groups-centers-2/,selengkapnya,2017-08-20 07:03:09
https://stei.itb.ac.id/id/magister-elektro/,https://stei.itb.ac.id/en/master-electrical/,A,2017-08-20 07:03:16
https://stei.itb.ac.id/id/research-2/groups-centers-2/elektronika/,https://stei.itb.ac.id/id/research-2/groups-centers-2/,selengkapnya,2017-08-20 07:03:29
https://stei.itb.ac.id/id/research-2/groups-centers-2/teknik-ketenagalistrikan/,https://stei.itb.ac.id/id/research-2/groups-centers-2/,selengkapnya,2017-08-20 07:03:36
https://www.stei.itb.ac.id/file/stei-script/bambanga.html,https://stei.itb.ac.id/en/about/organization/,"Dr. Ir. Bambang Anggoro Soedjarno, MT.",2017-08-20 07:03:36
https://stei.itb.ac.id/id/research-2/groups-centers-2/teknik-kendali-dan-komputer/,https://stei.itb.ac.id/id/research-2/groups-centers-2/,selengkapnya,2017-08-20 07:03:40
https://www.stei.itb.ac.id/file/stei-script/ian.html,https://stei.itb.ac.id/en/about/organization/,"Dr.Ir. Ian Joseph M. Edward, MT.",2017-08-20 07:03:47
https://stei.itb.ac.id/id/sarjana-sistem-teknologi-informasi/,https://stei.itb.ac.id/id/pendidikan/,A,2017-08-20 07:03:54
https://www.stei.itb.ac.id/file/stei-script/imam.html,https://stei.itb.ac.id/en/about/organization/,"Achmad Imam Kistijantoro, ST,M.Sc, Ph.D",2017-08-20 07:03:54
https://www.stei.itb.ac.id/file/stei-script/nhariyanto.html,https://stei.itb.ac.id/en/about/organization/,"Dr.Ir. Nanang Hariyanto, MT.",2017-08-20 07:03:58
https://stei.itb.ac.id/id/research-2/groups-centers-2/teknik-komputer/,https://stei.itb.ac.id/id/research-2/groups-centers-2/,selengkapnya,2017-08-20 07:04:01
https://stei.itb.ac.id/id/sarjana-telekomunikasi/,https://stei.itb.ac.id/id/pendidikan/,A,2017-08-20 07:04:22
https://stei.itb.ac.id/id/sarjana-tenaga-listrik/,https://stei.itb.ac.id/id/pendidikan/,A,2017-08-20 07:05:00
https://stei.itb.ac.id/id/pendidikan/program-studi/,https://stei.itb.ac.id/en/education/academic-program/,A,2017-08-20 07:05:06
https://stei.itb.ac.id/id/sarjana-informatika/,https://stei.itb.ac.id/id/pendidikan/,A,2017-08-20 07:05:13
https://stei.itb.ac.id/id/about-2/organization-2/,https://stei.itb.ac.id/en/about/organization/,A,2017-08-20 07:05:20
https://stei.itb.ac.id/id/about-2/awards-2/,https://stei.itb.ac.id/en/about/awards/,A,2017-08-20 07:05:38
https://stei.itb.ac.id/id/sarjana-elektro/,https://stei.itb.ac.id/id/pendidikan/,A,2017-08-20 07:05:45
https://stei.itb.ac.id/en/bachelor-system-information-technology/,https://stei.itb.ac.id/en/education/academic-program/,A,2017-08-20 07:06:07
https://stei.itb.ac.id/en/bachelor-telecommunication/,https://stei.itb.ac.id/en/education/academic-program/,A,2017-08-20 07:06:09
https://stei.itb.ac.id/id/silabus-teknik-telematika-dan-jaringan-telekomunikasi/,https://stei.itb.ac.id/en/master-electrical/,Telematika & Jaringan Telekomunikasi,2017-08-20 07:06:15
http://sti.stei.itb.ac.id,https://stei.itb.ac.id/en/bachelor-system-information-technology/,sti.stei.itb.ac.id,2017-08-20 07:06:20
https://stei.itb.ac.id/en/bachelor-power/,https://stei.itb.ac.id/en/education/academic-program/,A,2017-08-20 07:06:22
https://stei.itb.ac.id/en/bachelor-informatics/,https://stei.itb.ac.id/en/education/academic-program/,A,2017-08-20 07:06:27
https://stei.itb.ac.id/en/bachelor-electrical/,https://stei.itb.ac.id/en/education/academic-program/,A,2017-08-20 07:06:33
http://isesd.stei.itb.ac.id/?page_id=623,http://isesd.stei.itb.ac.id/,ISESD 2016,2017-08-20 07:06:54
http://isesd.stei.itb.ac.id/?page_id=628,http://isesd.stei.itb.ac.id/,Past Events,2017-08-20 07:06:59
http://isesd.stei.itb.ac.id/?page_id=839,http://isesd.stei.itb.ac.id/,Registration,2017-08-20 07:07:06
http://isesd.stei.itb.ac.id/?page_id=910,http://isesd.stei.itb.ac.id/,Yusuf Kurniawan,2017-08-20 07:07:28
https://stei.itb.ac.id/id/research-2/groups-centers-2/teknik-biomedika/,https://stei.itb.ac.id/id/research-2/groups-centers-2/,selengkapnya,2017-08-20 07:07:29
http://isesd.stei.itb.ac.id/?page_id=817,http://isesd.stei.itb.ac.id/,Venue,2017-08-20 07:07:31
http://isesd.stei.itb.ac.id/?page_id=811,http://isesd.stei.itb.ac.id/,Committees,2017-08-20 07:07:33
http://isesd.stei.itb.ac.id/?page_id=852,http://isesd.stei.itb.ac.id/,David Stoppa,2017-08-20 07:07:42
http://isesd.stei.itb.ac.id/?page_id=809,http://isesd.stei.itb.ac.id/,Important Dates,2017-08-20 07:08:05
http://isesd.stei.itb.ac.id/?page_id=771,http://isesd.stei.itb.ac.id/,M.K. Radhakrishnan,2017-08-20 07:08:07
http://isesd.stei.itb.ac.id/?page_id=766,http://isesd.stei.itb.ac.id/,Keynote Speakers,2017-08-20 07:08:07
http://isesd.stei.itb.ac.id/?page_id=803,http://isesd.stei.itb.ac.id/,Call for Paper,2017-08-20 07:08:14
http://isesd.stei.itb.ac.id/?page_id=805,http://isesd.stei.itb.ac.id/,Conference Information,2017-08-20 07:08:16
http://isesd.stei.itb.ac.id/?page_id=37,http://isesd.stei.itb.ac.id/,Author Guidelines,2017-08-20 07:08:22
https://stei.itb.ac.id/id/blog/2017/07/31/penelitian-kerjasama-dr-ayu-purwarianti-meraih-project-excellence-dalam-bernd-rode-award-2017/1689/,https://stei.itb.ac.id/en/about/awards/,Penghargaan Artikel Terbaik,2017-08-20 07:08:24
http://isesd.stei.itb.ac.id/?page_id=14,http://isesd.stei.itb.ac.id/,Call for Paper,2017-08-20 07:08:30
https://stei.itb.ac.id/id/research-2/projects-2/,https://stei.itb.ac.id/id/,Kerjasama Penelitian,2017-08-20 07:08:30
https://informatika.undiksha.ac.id/icaicta2017/,https://stei.itb.ac.id/en/,ICAICTA 2017: International Conference on Advanced Informatics: Concept Theory and Applications,2017-08-20 07:08:35
https://stei.itb.ac.id/id/research-2/publication-2/,https://stei.itb.ac.id/id/,Publikasi,2017-08-20 07:08:37
http://isesd.stei.itb.ac.id/?page_id=878,http://isesd.stei.itb.ac.id/,Basuki Rachmatul Alam,2017-08-20 07:08:40
https://stei.itb.ac.id/en/research/projects/,https://stei.itb.ac.id/id/research-2/projects-2/,A,2017-08-20 07:09:10
https://stei.itb.ac.id/en/research/publication/,https://stei.itb.ac.id/id/research-2/publication-2/,A,2017-08-20 07:09:17
http://isesd.stei.itb.ac.id/?page_id=90,http://isesd.stei.itb.ac.id/,,2017-08-20 07:09:20
https://stei.itb.ac.id/id/persyaratan-mengikuti-wisuda/,https://stei.itb.ac.id/en/,Persyaratan Mengikuti Wisuda,2017-08-20 07:09:22
http://isesd.stei.itb.ac.id/?page_id=768,http://isesd.stei.itb.ac.id/,Yoshio Mita,2017-08-20 07:09:27
https://stei.itb.ac.id/id/form/,https://stei.itb.ac.id/en/,Form,2017-08-20 07:09:42
https://stei.itb.ac.id/id/berkas-sipkd/,https://stei.itb.ac.id/id/form/,,2017-08-20 07:10:38
http://www.metallurgy.itb.ac.id/,,,2017-08-20 10:12:36
http://www.metallurgy.itb.ac.id/profil-teknik-metalurgi-itb/kepala-program-studi/,http://www.metallurgy.itb.ac.id/,Kepala Program Studi,2017-08-20 10:12:39
http://www.metallurgy.itb.ac.id/profil-teknik-metalurgi-itb/beasiswa/,http://www.metallurgy.itb.ac.id/,Beasiswa,2017-08-20 10:12:44
http://www.metallurgy.itb.ac.id/learning-outcomes/,http://www.metallurgy.itb.ac.id/,Kriteria Lulusan dan Capaian Pembelajaran,2017-08-20 10:12:49
http://www.metallurgy.itb.ac.id/profil-teknik-metalurgi-itb/visi-misi/,http://www.metallurgy.itb.ac.id/,Visi dan Misi Prodi Teknik Metalurgi ITB,2017-08-20 10:12:54
http://www.metallurgy.itb.ac.id/profil-teknik-metalurgi-itb/sejarah/,http://www.metallurgy.itb.ac.id/,Sejarah Program Studi Teknik Metalurgi ITB,2017-08-20 10:13:01
http://www.metallurgy.itb.ac.id/profil-teknik-metalurgi-itb/,http://www.metallurgy.itb.ac.id/,Profil Teknik Metalurgi ITB,2017-08-20 10:13:07
http://www.metallurgy.itb.ac.id/bimbingan-konseling-dan-karir/,http://www.metallurgy.itb.ac.id/,Bimbingan Konseling dan Karir,2017-08-20 10:13:12
http://www.metallurgy.itb.ac.id/fasilitas-ruang-kuliah/,http://www.metallurgy.itb.ac.id/,Ruang Kuliah,2017-08-20 10:13:20
http://www.metallurgy.itb.ac.id/kalender-akademik/,http://www.metallurgy.itb.ac.id/,Kalender Akademik,2017-08-20 10:13:25
http://www.metallurgy.itb.ac.id/lapangan-kerja/,http://www.metallurgy.itb.ac.id/,Prospek Kerja Lulusan,2017-08-20 10:13:32
http://www.metallurgy.itb.ac.id/tugas-akhir-mahasiswa/,http://www.metallurgy.itb.ac.id/,Tugas Akhir Mahasiswa,2017-08-20 10:13:38
http://www.metallurgy.itb.ac.id/kerja-praktek/,http://www.metallurgy.itb.ac.id/,Kerja Praktek,2017-08-20 10:13:46
http://www.metallurgy.itb.ac.id/kerja-praktek-dan-tugas-akhir/,http://www.metallurgy.itb.ac.id/,Kerja Praktek dan Tugas Akhir,2017-08-20 10:13:53
http://www.metallurgy.itb.ac.id/program-pendidikan/,http://www.metallurgy.itb.ac.id/,Program Pendidikan,2017-08-20 10:13:58
http://www.metallurgy.itb.ac.id/persyaratan-cum-laude-dan-fast-track/,http://www.metallurgy.itb.ac.id/,Persyaratan Cum Laude dan Fast Track,2017-08-20 10:14:05
http://www.metallurgy.itb.ac.id/persyaratan-dan-ketentuan-tugas-akhir-dan-sidang/,http://www.metallurgy.itb.ac.id/,Persyaratan Tugas Akhir,2017-08-20 10:14:13
http://www.metallurgy.itb.ac.id/download/1311/,http://www.metallurgy.itb.ac.id/,Persyaratan dan Ketentuan Tugas Akhir Seminar dan Sidang MG,2017-08-20 10:14:21
http://www.metallurgy.itb.ac.id/template-tugas-akhir-2/,http://www.metallurgy.itb.ac.id/,Template Tugas Akhir,2017-08-20 10:14:22
http://www.metallurgy.itb.ac.id/events/event/hari-pertama-masa-kuliah-semester-i-20172018/,http://www.metallurgy.itb.ac.id/,Hari Pertama Masa Kuliah Semester I-2017/2018,2017-08-20 10:14:27
http://www.metallurgy.itb.ac.id/seminar-nasional-besi-dan-baja-iv/,http://www.metallurgy.itb.ac.id/,,2017-08-20 10:14:42
http://www.metallurgy.itb.ac.id/ipmc-2016/,http://www.metallurgy.itb.ac.id/,,2017-08-20 10:14:49
http://www.metallurgy.itb.ac.id/pertemuan-awal-semester-prodi-teknik-metalurgi-itb-mempererat-tali-silaturahmi-antara-staf-akademik-dengan-mahasiswa/,http://www.metallurgy.itb.ac.id/,,2017-08-20 10:14:56
http://www.metallurgy.itb.ac.id/pengabdian-masyarakat-survei-dan-pembinaan-untuk-peningkatan-kualitas-produk-pengrajin-besi/,http://www.metallurgy.itb.ac.id/,,2017-08-20 10:15:02
http://www.metallurgy.itb.ac.id/program-studi-s1-teknik-metalurgi-fttm-itb-meraih-akreditasi-jabee/,http://www.metallurgy.itb.ac.id/,,2017-08-20 10:15:08
http://www.metallurgy.itb.ac.id/pendaftaran-ulang-penggantian-rencana-studi-semester-i-20172018/,http://www.metallurgy.itb.ac.id/,,2017-08-20 10:15:11
http://www.metallurgy.itb.ac.id/kuliah-kerja-teknik-metalurgi-2017/,http://www.metallurgy.itb.ac.id/,,2017-08-20 10:15:16
http://www.metallurgy.itb.ac.id/sedang-mengerjakan-ta/,http://www.metallurgy.itb.ac.id/tugas-akhir-mahasiswa/,Sedang Mengerjakan TA,2017-08-20 10:15:21
http://www.metallurgy.itb.ac.id/2015-2/,http://www.metallurgy.itb.ac.id/tugas-akhir-mahasiswa/,2015,2017-08-20 10:15:25
http://www.metallurgy.itb.ac.id/2014-2/,http://www.metallurgy.itb.ac.id/tugas-akhir-mahasiswa/,2014,2017-08-20 10:15:32
http://www.metallurgy.itb.ac.id/2013-2/,http://www.metallurgy.itb.ac.id/tugas-akhir-mahasiswa/,2013,2017-08-20 10:15:40
http://www.metallurgy.itb.ac.id/2005-2012/,http://www.metallurgy.itb.ac.id/tugas-akhir-mahasiswa/,2005-2012,2017-08-20 10:15:44
http://www.metallurgy.itb.ac.id/kontak/,http://www.metallurgy.itb.ac.id/,Kontak,2017-08-20 10:15:48
http://www.metallurgy.itb.ac.id/akreditasi/,http://www.metallurgy.itb.ac.id/,Akreditasi,2017-08-20 10:15:56
http://www.metallurgy.itb.ac.id/alumni/,http://www.metallurgy.itb.ac.id/,Alumni,2017-08-20 10:16:02
http://www.metallurgy.itb.ac.id/pemenang-student-paper-competition-ipm-iv/,http://www.metallurgy.itb.ac.id/events/event/hari-pertama-masa-kuliah-semester-i-20172018/,,2017-08-20 10:16:07
http://www.metallurgy.itb.ac.id/ferdinand-lo-raih-prestasi-ajang-seminar-material-dan-metalurgi-2015/,http://www.metallurgy.itb.ac.id/events/event/hari-pertama-masa-kuliah-semester-i-20172018/,,2017-08-20 10:16:12
http://www.metallurgy.itb.ac.id/itb-homecoming-janji-alumni-untuk-mendukung-pendidikan-tinggi/,http://www.metallurgy.itb.ac.id/seminar-nasional-besi-dan-baja-iv/,,2017-08-20 10:16:19
http://www.metallurgy.itb.ac.id/berkolaborasi-dengan-mahasiswa-kewirausahaan-itb-mahasiswa-teknik-metalurgi-juarai-iys-2015/,http://www.metallurgy.itb.ac.id/ipmc-2016/,,2017-08-20 10:16:22
http://www.metallurgy.itb.ac.id/ekskursi-mg2012/,http://www.metallurgy.itb.ac.id/pertemuan-awal-semester-prodi-teknik-metalurgi-itb-mempererat-tali-silaturahmi-antara-staf-akademik-dengan-mahasiswa/,,2017-08-20 10:16:30
http://www.metallurgy.itb.ac.id/pertemuan-awal-semester-prodi-teknik-metalurgi-itb-jalin-silaturahmi-antara-staf-akademik-dengan-mahasiswa/,http://www.metallurgy.itb.ac.id/pengabdian-masyarakat-survei-dan-pembinaan-untuk-peningkatan-kualitas-produk-pengrajin-besi/,,2017-08-20 10:16:34
http://www.metallurgy.itb.ac.id/teknik-metalurgi-itb-sabet-juara-essay-tingkat-asia-tenggara/,http://www.metallurgy.itb.ac.id/program-studi-s1-teknik-metalurgi-fttm-itb-meraih-akreditasi-jabee/,,2017-08-20 10:16:41
http://www.metallurgy.itb.ac.id/category/akademik/,http://www.metallurgy.itb.ac.id/pendaftaran-ulang-penggantian-rencana-studi-semester-i-20172018/,Akademik,2017-08-20 10:16:46
http://www.metallurgy.itb.ac.id/category/featured/,http://www.metallurgy.itb.ac.id/pengabdian-masyarakat-survei-dan-pembinaan-untuk-peningkatan-kualitas-produk-pengrajin-besi/,featured,2017-08-20 10:17:00
http://www.metallurgy.itb.ac.id/teknik-metalurgi-itb-luluskan-5-mahasiswa-terbaiknya/,http://www.metallurgy.itb.ac.id/ipmc-2016/,,2017-08-20 10:17:15
http://www.metallurgy.itb.ac.id/category/uncategorized/,http://www.metallurgy.itb.ac.id/ipmc-2016/,Uncategorized,2017-08-20 10:17:21
http://www.metallurgy.itb.ac.id/indonesian-process-metallurgy-2014/,http://www.metallurgy.itb.ac.id/events/event/hari-pertama-masa-kuliah-semester-i-20172018/,,2017-08-20 10:17:27
http://www.metallurgy.itb.ac.id/wp-content/uploads/2015/08/Jabee-1.png,http://www.metallurgy.itb.ac.id/akreditasi/,A,2017-08-20 10:17:29
http://www.metallurgy.itb.ac.id/database-alumni-teknik-metalurgi-itb-2013/,http://www.metallurgy.itb.ac.id/alumni/,2013,2017-08-20 10:17:38
http://www.metallurgy.itb.ac.id/metalurgi-itb-helat-forum-internasional-terkait-biohidrometalurgi/,http://www.metallurgy.itb.ac.id/pemenang-student-paper-competition-ipm-iv/,,2017-08-20 10:17:45
http://www.metallurgy.itb.ac.id/kompetisi-tenis-meja-akrabkan-staf-program-studi-dan-mahasiswa/,http://www.metallurgy.itb.ac.id/ferdinand-lo-raih-prestasi-ajang-seminar-material-dan-metalurgi-2015/,,2017-08-20 10:17:50
http://www.metallurgy.itb.ac.id/category/alumni/,http://www.metallurgy.itb.ac.id/itb-homecoming-janji-alumni-untuk-mendukung-pendidikan-tinggi/,Alumni,2017-08-20 10:17:55
http://www.metallurgy.itb.ac.id/pengumuman-10-paper-terbaik-ipm-iv/,http://www.metallurgy.itb.ac.id/berkolaborasi-dengan-mahasiswa-kewirausahaan-itb-mahasiswa-teknik-metalurgi-juarai-iys-2015/,,2017-08-20 10:18:03
http://www.metallurgy.itb.ac.id/kunjungan-industri-teknik-metalurgi-2015-saat-dimana-mahasiswa-lebih-mengenal-keilmuannya/,http://www.metallurgy.itb.ac.id/ferdinand-lo-raih-prestasi-ajang-seminar-material-dan-metalurgi-2015/,,2017-08-20 10:18:10
http://www.metallurgy.itb.ac.id/category/prestasi/,http://www.metallurgy.itb.ac.id/ferdinand-lo-raih-prestasi-ajang-seminar-material-dan-metalurgi-2015/,Prestasi,2017-08-20 10:18:15
http://www.metallurgy.itb.ac.id/ahmad-fauzi-penelitian-ketahanan-korosi-paduan-intermetalik-ti-al-pada-suhu-tinggi/,http://www.metallurgy.itb.ac.id/category/akademik/,,2017-08-20 10:18:24
http://www.metallurgy.itb.ac.id/category/mahasiswa/,http://www.metallurgy.itb.ac.id/ferdinand-lo-raih-prestasi-ajang-seminar-material-dan-metalurgi-2015/,Mahasiswa,2017-08-20 10:18:29
http://www.metallurgy.itb.ac.id/teknik-metalurgi-itb-luluskan-17-mahasiswa-terbaiknya/,http://www.metallurgy.itb.ac.id/pemenang-student-paper-competition-ipm-iv/,,2017-08-20 10:18:35
http://www.metallurgy.itb.ac.id/database-alumni-teknik-metalurgi-itb-2012/,http://www.metallurgy.itb.ac.id/alumni/,2012,2017-08-20 10:18:46
http://www.metallurgy.itb.ac.id/events/event/ipm-iv-2014/,http://www.metallurgy.itb.ac.id/indonesian-process-metallurgy-2014/,Indonesian Process Metallurgy Conference 2014,2017-08-20 10:18:53
http://www.metallurgy.itb.ac.id/database-alumni-teknik-metalurgi-itb-2011/,http://www.metallurgy.itb.ac.id/alumni/,2011,2017-08-20 10:18:59
http://www.metallurgy.itb.ac.id/database-alumni-teknik-metalurgi-itb-2010/,http://www.metallurgy.itb.ac.id/alumni/,2010,2017-08-20 10:19:07
http://www.metallurgy.itb.ac.id/database-alumni-teknik-metalurgi-itb-2009/,http://www.metallurgy.itb.ac.id/alumni/,2009,2017-08-20 10:19:14
http://www.metallurgy.itb.ac.id/database-alumni-teknik-metalurgi-itb-2008/,http://www.metallurgy.itb.ac.id/alumni/,2008,2017-08-20 10:19:21
http://www.metallurgy.itb.ac.id/database-alumni-teknik-metalurgi-itb-2007/,http://www.metallurgy.itb.ac.id/alumni/,2007,2017-08-20 10:19:26
http://www.metallurgy.itb.ac.id/database-alumni-teknik-metalurgi-itb-2006/,http://www.metallurgy.itb.ac.id/alumni/,2006,2017-08-20 10:19:34
http://www.metallurgy.itb.ac.id/wp-content/uploads/2015/08/ban-pt-terakreditasi_A.png,http://www.metallurgy.itb.ac.id/akreditasi/,A,2017-08-20 10:19:38
http://www.metallurgy.itb.ac.id/events/venues/program-studi-teknik-metalurgi-itb/,http://www.metallurgy.itb.ac.id/events/event/hari-pertama-masa-kuliah-semester-i-20172018/,Program Studi Teknik Metalurgi ITB,2017-08-20 10:19:43
http://www.metallurgy.itb.ac.id/author/admin/,http://www.metallurgy.itb.ac.id/events/event/hari-pertama-masa-kuliah-semester-i-20172018/,admin,2017-08-20 10:19:49
http://www.metallurgy.itb.ac.id/staff/tenaga-kependidikan/,http://www.metallurgy.itb.ac.id/,Tenaga Kependidikan,2017-08-20 10:19:56
http://www.metallurgy.itb.ac.id/staff/staf-akademik/,http://www.metallurgy.itb.ac.id/,Staff Akademik,2017-08-20 10:20:03
http://www.metallurgy.itb.ac.id/staff/,http://www.metallurgy.itb.ac.id/,Staff,2017-08-20 10:20:08
http://www.metallurgy.itb.ac.id/tugas-akhir/,http://www.metallurgy.itb.ac.id/,Penelitian Tugas Akhir Mahasiswa,2017-08-20 10:20:15
http://www.metallurgy.itb.ac.id/pertukaran-mahasiswa/,http://www.metallurgy.itb.ac.id/,Pertukaran Mahasiswa,2017-08-20 10:20:20
http://www.metallurgy.itb.ac.id/prestasi/,http://www.metallurgy.itb.ac.id/,Prestasi,2017-08-20 10:20:25
http://www.metallurgy.itb.ac.id/pengabdian-masyarakat/,http://www.metallurgy.itb.ac.id/,Pengabdian Masyarakat,2017-08-20 10:20:32
http://www.metallurgy.itb.ac.id/586-2/,http://www.metallurgy.itb.ac.id/,Penelitian Program Studi Teknik Metalurgi,2017-08-20 10:20:40
http://www.metallurgy.itb.ac.id/fasilitas-laboratorium/,http://www.metallurgy.itb.ac.id/,Laboratorium,2017-08-20 10:20:45
http://www.metallurgy.itb.ac.id/fasilitas-perpustakaan/,http://www.metallurgy.itb.ac.id/,Perpustakaan,2017-08-20 10:20:52
http://www.metallurgy.itb.ac.id/prosedur-kerja-praktek/,http://www.metallurgy.itb.ac.id/,Prosedur Kerja Praktek,2017-08-20 10:20:58
http://www.metallurgy.itb.ac.id/kurikulum/,http://www.metallurgy.itb.ac.id/,Kurikulum Program Studi Teknik Metalurgi ITB,2017-08-20 10:21:06
http://www.metallurgy.itb.ac.id/akademik/,http://www.metallurgy.itb.ac.id/,Akademik,2017-08-20 10:21:12
http://www.metallurgy.itb.ac.id/profil-teknik-metalurgi-itb/kerjasama-internasional/,http://www.metallurgy.itb.ac.id/,Kerjasama Internasional,2017-08-20 10:21:19
http://www.metallurgy.itb.ac.id/events/category/akademik/,http://www.metallurgy.itb.ac.id/events/venues/program-studi-teknik-metalurgi-itb/,Akademik,2017-08-20 10:21:26
http://www.metallurgy.itb.ac.id/events/event/pendaftaran-ulang-perwalian-semester-i-20172018/,http://www.metallurgy.itb.ac.id/events/venues/program-studi-teknik-metalurgi-itb/,,2017-08-20 10:21:42
http://www.metallurgy.itb.ac.id/template-tugas-akhir/,http://www.metallurgy.itb.ac.id/kurikulum/,Tugas Akhir,2017-08-20 10:22:44
http://www.metallurgy.itb.ac.id/wp-content/uploads/2015/08/SAP.zip,http://www.metallurgy.itb.ac.id/akademik/,Satuan Acara Perkuliahan,2017-08-20 10:23:00
http://www.metallurgy.itb.ac.id/staff/staf-akademik/staff-akademik-m-abdur-rasyid/,http://www.metallurgy.itb.ac.id/staff/staf-akademik/,A,2017-08-20 10:23:15
http://www.metallurgy.itb.ac.id/staff/staf-akademik/staff-akademik-killang-pratama/,http://www.metallurgy.itb.ac.id/staff/staf-akademik/,A,2017-08-20 10:23:34
http://www.metallurgy.itb.ac.id/staff/staf-akademik/fadhli-muhammad/,http://www.metallurgy.itb.ac.id/staff/staf-akademik/,A,2017-08-20 10:23:47
http://www.metallurgy.itb.ac.id/staff/staf-akademik/nurulhuda-halim/,http://www.metallurgy.itb.ac.id/staff/staf-akademik/,A,2017-08-20 10:23:55
http://www.metallurgy.itb.ac.id/staff/staf-akademik/zela-tanlega-2/,http://www.metallurgy.itb.ac.id/staff/staf-akademik/,A,2017-08-20 10:24:00
http://www.metallurgy.itb.ac.id/wp-content/uploads/2016/11/46.JPG,http://www.metallurgy.itb.ac.id/staff/staf-akademik/,A,2017-08-20 10:24:28
http://www.metallurgy.itb.ac.id/kurikulum/magister/,http://www.metallurgy.itb.ac.id/kurikulum/,Magister,2017-08-20 10:24:32
http://www.metallurgy.itb.ac.id/staff/staf-akademik/bonita-dilasari/,http://www.metallurgy.itb.ac.id/staff/staf-akademik/,A,2017-08-20 10:25:21
http://www.metallurgy.itb.ac.id/staff/staf-akademik/imam-santoso/,http://www.metallurgy.itb.ac.id/staff/staf-akademik/,A,2017-08-20 10:26:31
http://www.metallurgy.itb.ac.id/wp-content/uploads/2014/07/Edy-Sanwani.gif,http://www.metallurgy.itb.ac.id/staff/staf-akademik/,A,2017-08-20 10:26:50
http://immg.metallurgy.itb.ac.id/wp-content/uploads/2015/11/Ferdi-LIPI.JPG,http://www.metallurgy.itb.ac.id/ferdinand-lo-raih-prestasi-ajang-seminar-material-dan-metalurgi-2015/,A,2017-08-20 10:27:06
http://www.metallurgy.itb.ac.id/events/category/kompetisi/,http://www.metallurgy.itb.ac.id/events/venues/program-studi-teknik-metalurgi-itb/,kompetisi,2017-08-20 10:27:16
http://www.metallurgy.itb.ac.id/events/event/student-paper-competition-snbb-2013/,http://www.metallurgy.itb.ac.id/events/venues/program-studi-teknik-metalurgi-itb/,,2017-08-20 10:27:23
http://www.metallurgy.itb.ac.id/staff/staf-akademik/tria-laksana/,http://www.metallurgy.itb.ac.id/staff/staf-akademik/,A,2017-08-20 10:27:34
http://www.metallurgy.itb.ac.id/staff/staf-akademik/staf-akademik-siti-khodijah/,http://www.metallurgy.itb.ac.id/staff/staf-akademik/,A,2017-08-20 10:27:38
http://www.metallurgy.itb.ac.id/staff/staf-akademik/akhmad-a-korda/,http://www.metallurgy.itb.ac.id/staff/staf-akademik/,A,2017-08-20 10:27:50
http://www.metallurgy.itb.ac.id/staff/staf-akademik/721-2/,http://www.metallurgy.itb.ac.id/staff/staf-akademik/,A,2017-08-20 10:27:52
http://www.metallurgy.itb.ac.id/staff/staf-akademik/zaki-mubarok/,http://www.metallurgy.itb.ac.id/staff/staf-akademik/,A,2017-08-20 10:28:06
http://www.metallurgy.itb.ac.id/staff/staf-akademik/zulfiadi-zulhan/,http://www.metallurgy.itb.ac.id/staff/staf-akademik/,A,2017-08-20 10:28:11
http://www.metallurgy.itb.ac.id/staff/staf-akademik/staf-edysanwani/,http://www.metallurgy.itb.ac.id/staff/staf-akademik/,A,2017-08-20 10:28:18
http://www.metallurgy.itb.ac.id/staff/staf-akademik/eddy-agus-basuki/,http://www.metallurgy.itb.ac.id/staff/staf-akademik/,A,2017-08-20 10:28:29
http://www.metallurgy.itb.ac.id/staff/staf-akademik/syoni-soepriyanto/,http://www.metallurgy.itb.ac.id/staff/staf-akademik/,,2017-08-20 10:28:48
http://www.metallurgy.itb.ac.id/,,,2017-08-20 10:35:14
http://www.metallurgy.itb.ac.id/,,,2017-08-20 10:41:28
http://www.metallurgy.itb.ac.id/,,,2017-08-20 10:43:04
http://www.metallurgy.itb.ac.id/,,,2017-08-20 10:44:42
http://www.metallurgy.itb.ac.id/,,,2017-08-20 10:46:09
http://www.metallurgy.itb.ac.id/profil-teknik-metalurgi-itb/kepala-program-studi/,http://www.metallurgy.itb.ac.id/,Kepala Program Studi,2017-08-20 10:46:11
http://www.metallurgy.itb.ac.id/profil-teknik-metalurgi-itb/beasiswa/,http://www.metallurgy.itb.ac.id/,Beasiswa,2017-08-20 10:46:18
http://www.metallurgy.itb.ac.id/learning-outcomes/,http://www.metallurgy.itb.ac.id/,Kriteria Lulusan dan Capaian Pembelajaran,2017-08-20 10:46:25
http://www.metallurgy.itb.ac.id/profil-teknik-metalurgi-itb/visi-misi/,http://www.metallurgy.itb.ac.id/,Visi dan Misi Prodi Teknik Metalurgi ITB,2017-08-20 10:46:31
http://www.metallurgy.itb.ac.id/profil-teknik-metalurgi-itb/sejarah/,http://www.metallurgy.itb.ac.id/,Sejarah Program Studi Teknik Metalurgi ITB,2017-08-20 10:46:37
http://www.metallurgy.itb.ac.id/profil-teknik-metalurgi-itb/,http://www.metallurgy.itb.ac.id/,Profil Teknik Metalurgi ITB,2017-08-20 10:46:43
http://www.metallurgy.itb.ac.id/fasilitas-perpustakaan/,http://www.metallurgy.itb.ac.id/,Perpustakaan,2017-08-20 10:46:49
http://www.metallurgy.itb.ac.id/bimbingan-konseling-dan-karir/,http://www.metallurgy.itb.ac.id/,Bimbingan Konseling dan Karir,2017-08-20 10:46:56
http://www.metallurgy.itb.ac.id/fasilitas-ruang-kuliah/,http://www.metallurgy.itb.ac.id/,Ruang Kuliah,2017-08-20 10:47:02
http://www.metallurgy.itb.ac.id/kalender-akademik/,http://www.metallurgy.itb.ac.id/,Kalender Akademik,2017-08-20 10:47:08
http://www.metallurgy.itb.ac.id/lapangan-kerja/,http://www.metallurgy.itb.ac.id/,Prospek Kerja Lulusan,2017-08-20 10:47:14
http://www.metallurgy.itb.ac.id/tugas-akhir-mahasiswa/,http://www.metallurgy.itb.ac.id/,Tugas Akhir Mahasiswa,2017-08-20 10:47:18
http://www.metallurgy.itb.ac.id/kerja-praktek/,http://www.metallurgy.itb.ac.id/,Kerja Praktek,2017-08-20 10:47:25
http://www.metallurgy.itb.ac.id/kerja-praktek-dan-tugas-akhir/,http://www.metallurgy.itb.ac.id/,Kerja Praktek dan Tugas Akhir,2017-08-20 10:47:31
http://www.metallurgy.itb.ac.id/program-pendidikan/,http://www.metallurgy.itb.ac.id/,Program Pendidikan,2017-08-20 10:47:34
http://www.metallurgy.itb.ac.id/persyaratan-cum-laude-dan-fast-track/,http://www.metallurgy.itb.ac.id/,Persyaratan Cum Laude dan Fast Track,2017-08-20 10:47:40
http://www.metallurgy.itb.ac.id/download/1311/,http://www.metallurgy.itb.ac.id/,Persyaratan dan Ketentuan Tugas Akhir Seminar dan Sidang MG,2017-08-20 10:47:46
http://www.metallurgy.itb.ac.id/template-tugas-akhir-2/,http://www.metallurgy.itb.ac.id/,Template Tugas Akhir,2017-08-20 10:47:49
http://www.metallurgy.itb.ac.id/events/event/hari-pertama-masa-kuliah-semester-i-20172018/,http://www.metallurgy.itb.ac.id/,Hari Pertama Masa Kuliah Semester I-2017/2018,2017-08-20 10:47:57
http://www.metallurgy.itb.ac.id/page/2/,http://www.metallurgy.itb.ac.id/,,2017-08-20 10:48:01
http://www.metallurgy.itb.ac.id/seminar-nasional-besi-dan-baja-iv/,http://www.metallurgy.itb.ac.id/,,2017-08-20 10:48:05
http://www.metallurgy.itb.ac.id/ipmc-2016/,http://www.metallurgy.itb.ac.id/,,2017-08-20 10:48:11
http://www.metallurgy.itb.ac.id/pertemuan-awal-semester-prodi-teknik-metalurgi-itb-mempererat-tali-silaturahmi-antara-staf-akademik-dengan-mahasiswa/,http://www.metallurgy.itb.ac.id/,,2017-08-20 10:48:18
http://www.metallurgy.itb.ac.id/pengabdian-masyarakat-survei-dan-pembinaan-untuk-peningkatan-kualitas-produk-pengrajin-besi/,http://www.metallurgy.itb.ac.id/,,2017-08-20 10:48:26
http://www.metallurgy.itb.ac.id/program-studi-s1-teknik-metalurgi-fttm-itb-meraih-akreditasi-jabee/,http://www.metallurgy.itb.ac.id/,,2017-08-20 10:48:31
http://www.metallurgy.itb.ac.id/pendaftaran-ulang-penggantian-rencana-studi-semester-i-20172018/,http://www.metallurgy.itb.ac.id/,,2017-08-20 10:48:37
http://www.metallurgy.itb.ac.id/kuliah-kerja-teknik-metalurgi-2017/,http://www.metallurgy.itb.ac.id/,,2017-08-20 10:48:45
http://www.metallurgy.itb.ac.id/kontak/,http://www.metallurgy.itb.ac.id/,Kontak,2017-08-20 10:48:50
http://www.metallurgy.itb.ac.id/sedang-mengerjakan-ta/,http://www.metallurgy.itb.ac.id/tugas-akhir-mahasiswa/,Sedang Mengerjakan TA,2017-08-20 10:48:59
http://www.metallurgy.itb.ac.id/2015-2/,http://www.metallurgy.itb.ac.id/tugas-akhir-mahasiswa/,2015,2017-08-20 10:49:08
http://www.metallurgy.itb.ac.id/2014-2/,http://www.metallurgy.itb.ac.id/tugas-akhir-mahasiswa/,2014,2017-08-20 10:49:11
http://www.metallurgy.itb.ac.id/2013-2/,http://www.metallurgy.itb.ac.id/tugas-akhir-mahasiswa/,2013,2017-08-20 10:49:18
http://www.metallurgy.itb.ac.id/2005-2012/,http://www.metallurgy.itb.ac.id/tugas-akhir-mahasiswa/,2005-2012,2017-08-20 10:49:24
http://www.metallurgy.itb.ac.id/akreditasi/,http://www.metallurgy.itb.ac.id/,Akreditasi,2017-08-20 10:49:25
http://www.metallurgy.itb.ac.id/alumni/,http://www.metallurgy.itb.ac.id/,Alumni,2017-08-20 10:49:29
http://www.metallurgy.itb.ac.id/pengumuman-10-paper-terbaik-ipm-iv/,http://www.metallurgy.itb.ac.id/events/event/hari-pertama-masa-kuliah-semester-i-20172018/,,2017-08-20 10:49:37
http://www.metallurgy.itb.ac.id/page/3/,http://www.metallurgy.itb.ac.id/page/2/,,2017-08-20 10:49:44
http://www.metallurgy.itb.ac.id/indonesian-process-metallurgy-2014/,http://www.metallurgy.itb.ac.id/seminar-nasional-besi-dan-baja-iv/,,2017-08-20 10:49:52
http://www.metallurgy.itb.ac.id/pemenang-student-paper-competition-ipm-iv/,http://www.metallurgy.itb.ac.id/ipmc-2016/,,2017-08-20 10:49:56
http://www.metallurgy.itb.ac.id/teknik-metalurgi-itb-luluskan-5-mahasiswa-terbaiknya/,http://www.metallurgy.itb.ac.id/ipmc-2016/,,2017-08-20 10:50:02
http://www.metallurgy.itb.ac.id/ekskursi-mg2012/,http://www.metallurgy.itb.ac.id/pengabdian-masyarakat-survei-dan-pembinaan-untuk-peningkatan-kualitas-produk-pengrajin-besi/,,2017-08-20 10:50:09
http://www.metallurgy.itb.ac.id/category/featured/,http://www.metallurgy.itb.ac.id/pengabdian-masyarakat-survei-dan-pembinaan-untuk-peningkatan-kualitas-produk-pengrajin-besi/,featured,2017-08-20 10:50:16
http://www.metallurgy.itb.ac.id/category/akademik/,http://www.metallurgy.itb.ac.id/pendaftaran-ulang-penggantian-rencana-studi-semester-i-20172018/,Akademik,2017-08-20 10:50:21
http://www.metallurgy.itb.ac.id/category/uncategorized/,http://www.metallurgy.itb.ac.id/ipmc-2016/,Uncategorized,2017-08-20 10:50:28
http://www.metallurgy.itb.ac.id/berkolaborasi-dengan-mahasiswa-kewirausahaan-itb-mahasiswa-teknik-metalurgi-juarai-iys-2015/,http://www.metallurgy.itb.ac.id/page/2/,,2017-08-20 10:50:35
http://www.metallurgy.itb.ac.id/kunjungan-industri-teknik-metalurgi-2015-saat-dimana-mahasiswa-lebih-mengenal-keilmuannya/,http://www.metallurgy.itb.ac.id/page/2/,,2017-08-20 10:50:42
http://www.metallurgy.itb.ac.id/pertemuan-awal-semester-prodi-teknik-metalurgi-itb-jalin-silaturahmi-antara-staf-akademik-dengan-mahasiswa/,http://www.metallurgy.itb.ac.id/page/2/,,2017-08-20 10:50:49
http://www.metallurgy.itb.ac.id/metalurgi-itb-helat-forum-internasional-terkait-biohidrometalurgi/,http://www.metallurgy.itb.ac.id/page/2/,,2017-08-20 10:50:55
http://www.metallurgy.itb.ac.id/itb-homecoming-janji-alumni-untuk-mendukung-pendidikan-tinggi/,http://www.metallurgy.itb.ac.id/page/2/,,2017-08-20 10:51:02
http://www.metallurgy.itb.ac.id/ferdinand-lo-raih-prestasi-ajang-seminar-material-dan-metalurgi-2015/,http://www.metallurgy.itb.ac.id/events/event/hari-pertama-masa-kuliah-semester-i-20172018/,,2017-08-20 10:51:07
http://www.metallurgy.itb.ac.id/wp-content/uploads/2015/08/Jabee-1.png,http://www.metallurgy.itb.ac.id/akreditasi/,A,2017-08-20 10:51:09
http://www.metallurgy.itb.ac.id/database-alumni-teknik-metalurgi-itb-2013/,http://www.metallurgy.itb.ac.id/alumni/,2013,2017-08-20 10:51:17
http://www.metallurgy.itb.ac.id/teknik-metalurgi-itb-luluskan-17-mahasiswa-terbaiknya/,http://www.metallurgy.itb.ac.id/pengumuman-10-paper-terbaik-ipm-iv/,,2017-08-20 10:51:24
http://www.metallurgy.itb.ac.id/page/4/,http://www.metallurgy.itb.ac.id/page/3/,,2017-08-20 10:51:28
http://www.metallurgy.itb.ac.id/events/event/ipm-iv-2014/,http://www.metallurgy.itb.ac.id/indonesian-process-metallurgy-2014/,Indonesian Process Metallurgy Conference 2014,2017-08-20 10:51:34
http://www.metallurgy.itb.ac.id/ahmad-fauzi-penelitian-ketahanan-korosi-paduan-intermetalik-ti-al-pada-suhu-tinggi/,http://www.metallurgy.itb.ac.id/page/3/,,2017-08-20 10:51:40
http://www.metallurgy.itb.ac.id/international-biohydrometallurgy-symposium-2015/,http://www.metallurgy.itb.ac.id/page/3/,,2017-08-20 10:51:46
http://www.metallurgy.itb.ac.id/teknik-metalurgi-itb-sabet-juara-essay-tingkat-asia-tenggara/,http://www.metallurgy.itb.ac.id/page/3/,,2017-08-20 10:51:52
http://www.metallurgy.itb.ac.id/kompetisi-tenis-meja-akrabkan-staf-program-studi-dan-mahasiswa/,http://www.metallurgy.itb.ac.id/page/3/,,2017-08-20 10:51:58
http://www.metallurgy.itb.ac.id/database-alumni-teknik-metalurgi-itb-2012/,http://www.metallurgy.itb.ac.id/alumni/,2012,2017-08-20 10:52:04
http://www.metallurgy.itb.ac.id/category/uncategorized/page/2/,http://www.metallurgy.itb.ac.id/category/uncategorized/,,2017-08-20 10:52:10
http://www.metallurgy.itb.ac.id/database-alumni-teknik-metalurgi-itb-2011/,http://www.metallurgy.itb.ac.id/alumni/,2011,2017-08-20 10:52:15
http://www.metallurgy.itb.ac.id/category/mahasiswa/,http://www.metallurgy.itb.ac.id/kunjungan-industri-teknik-metalurgi-2015-saat-dimana-mahasiswa-lebih-mengenal-keilmuannya/,Mahasiswa,2017-08-20 10:52:22
http://www.metallurgy.itb.ac.id/database-alumni-teknik-metalurgi-itb-2010/,http://www.metallurgy.itb.ac.id/alumni/,2010,2017-08-20 10:52:29
http://www.metallurgy.itb.ac.id/database-alumni-teknik-metalurgi-itb-2009/,http://www.metallurgy.itb.ac.id/alumni/,2009,2017-08-20 10:52:34
http://www.metallurgy.itb.ac.id/category/alumni/,http://www.metallurgy.itb.ac.id/itb-homecoming-janji-alumni-untuk-mendukung-pendidikan-tinggi/,Alumni,2017-08-20 10:52:36
http://www.metallurgy.itb.ac.id/category/prestasi/,http://www.metallurgy.itb.ac.id/ferdinand-lo-raih-prestasi-ajang-seminar-material-dan-metalurgi-2015/,Prestasi,2017-08-20 10:52:42
http://www.metallurgy.itb.ac.id/database-alumni-teknik-metalurgi-itb-2008/,http://www.metallurgy.itb.ac.id/alumni/,2008,2017-08-20 10:52:50
http://www.metallurgy.itb.ac.id/database-alumni-teknik-metalurgi-itb-2007/,http://www.metallurgy.itb.ac.id/alumni/,2007,2017-08-20 10:52:55
http://www.metallurgy.itb.ac.id/database-alumni-teknik-metalurgi-itb-2006/,http://www.metallurgy.itb.ac.id/alumni/,2006,2017-08-20 10:53:02
http://www.metallurgy.itb.ac.id/wp-content/uploads/2015/08/ban-pt-terakreditasi_A.png,http://www.metallurgy.itb.ac.id/akreditasi/,A,2017-08-20 10:53:07
http://www.metallurgy.itb.ac.id/events/venues/program-studi-teknik-metalurgi-itb/,http://www.metallurgy.itb.ac.id/events/event/hari-pertama-masa-kuliah-semester-i-20172018/,Program Studi Teknik Metalurgi ITB,2017-08-20 10:53:13
http://www.metallurgy.itb.ac.id/author/admin/,http://www.metallurgy.itb.ac.id/events/event/hari-pertama-masa-kuliah-semester-i-20172018/,admin,2017-08-20 10:53:19
http://www.metallurgy.itb.ac.id/staff/tenaga-kependidikan/,http://www.metallurgy.itb.ac.id/,Tenaga Kependidikan,2017-08-20 10:53:24
http://www.metallurgy.itb.ac.id/staff/staf-akademik/,http://www.metallurgy.itb.ac.id/,Staff Akademik,2017-08-20 10:53:30
http://www.metallurgy.itb.ac.id/staff/,http://www.metallurgy.itb.ac.id/,Staff,2017-08-20 10:53:36
http://www.metallurgy.itb.ac.id/tugas-akhir/,http://www.metallurgy.itb.ac.id/,Penelitian Tugas Akhir Mahasiswa,2017-08-20 10:53:39
http://www.metallurgy.itb.ac.id/pertukaran-mahasiswa/,http://www.metallurgy.itb.ac.id/,Pertukaran Mahasiswa,2017-08-20 10:53:46
http://www.metallurgy.itb.ac.id/prestasi/,http://www.metallurgy.itb.ac.id/,Prestasi,2017-08-20 10:53:54
http://www.metallurgy.itb.ac.id/pengabdian-masyarakat/,http://www.metallurgy.itb.ac.id/,Pengabdian Masyarakat,2017-08-20 10:53:58
http://www.metallurgy.itb.ac.id/586-2/,http://www.metallurgy.itb.ac.id/,Penelitian Program Studi Teknik Metalurgi,2017-08-20 10:54:06
http://www.metallurgy.itb.ac.id/fasilitas-laboratorium/,http://www.metallurgy.itb.ac.id/,Laboratorium,2017-08-20 10:54:08
http://www.metallurgy.itb.ac.id/persyaratan-dan-ketentuan-tugas-akhir-dan-sidang/,http://www.metallurgy.itb.ac.id/,Persyaratan Tugas Akhir,2017-08-20 10:54:15
http://www.metallurgy.itb.ac.id/prosedur-kerja-praktek/,http://www.metallurgy.itb.ac.id/,Prosedur Kerja Praktek,2017-08-20 10:54:21
http://www.metallurgy.itb.ac.id/kurikulum/,http://www.metallurgy.itb.ac.id/,Kurikulum Program Studi Teknik Metalurgi ITB,2017-08-20 10:54:30
http://www.metallurgy.itb.ac.id/akademik/,http://www.metallurgy.itb.ac.id/,Akademik,2017-08-20 10:54:35
http://www.metallurgy.itb.ac.id/profil-teknik-metalurgi-itb/kerjasama-internasional/,http://www.metallurgy.itb.ac.id/,Kerjasama Internasional,2017-08-20 10:54:43
http://www.metallurgy.itb.ac.id/events/category/akademik/,http://www.metallurgy.itb.ac.id/events/venues/program-studi-teknik-metalurgi-itb/,Akademik,2017-08-20 10:54:45
http://www.metallurgy.itb.ac.id/events/event/pendaftaran-ulang-perwalian-semester-i-20172018/,http://www.metallurgy.itb.ac.id/events/venues/program-studi-teknik-metalurgi-itb/,,2017-08-20 10:54:53
http://www.metallurgy.itb.ac.id/author/admin/page/2/,http://www.metallurgy.itb.ac.id/author/admin/,,2017-08-20 10:54:59
http://www.metallurgy.itb.ac.id/events/category/kompetisi/,http://www.metallurgy.itb.ac.id/events/venues/program-studi-teknik-metalurgi-itb/,kompetisi,2017-08-20 10:55:05
http://www.metallurgy.itb.ac.id/template-tugas-akhir/,http://www.metallurgy.itb.ac.id/kurikulum/,Tugas Akhir,2017-08-20 10:56:17
http://www.metallurgy.itb.ac.id/wp-content/uploads/2015/08/SAP.zip,http://www.metallurgy.itb.ac.id/akademik/,Satuan Acara Perkuliahan,2017-08-20 10:56:36
http://www.metallurgy.itb.ac.id/staff/staf-akademik/staff-akademik-m-abdur-rasyid/,http://www.metallurgy.itb.ac.id/staff/staf-akademik/,A,2017-08-20 10:56:54
http://www.metallurgy.itb.ac.id/staff/staf-akademik/staff-akademik-killang-pratama/,http://www.metallurgy.itb.ac.id/staff/staf-akademik/,A,2017-08-20 10:57:14
http://www.metallurgy.itb.ac.id/staff/staf-akademik/fadhli-muhammad/,http://www.metallurgy.itb.ac.id/staff/staf-akademik/,A,2017-08-20 10:57:21
http://www.metallurgy.itb.ac.id/staff/staf-akademik/nurulhuda-halim/,http://www.metallurgy.itb.ac.id/staff/staf-akademik/,A,2017-08-20 10:57:29
http://www.metallurgy.itb.ac.id/staff/staf-akademik/zela-tanlega-2/,http://www.metallurgy.itb.ac.id/staff/staf-akademik/,A,2017-08-20 10:57:35
http://www.metallurgy.itb.ac.id/kurikulum/magister/,http://www.metallurgy.itb.ac.id/kurikulum/,Magister,2017-08-20 10:58:09
http://www.metallurgy.itb.ac.id/staff/staf-akademik/bonita-dilasari/,http://www.metallurgy.itb.ac.id/staff/staf-akademik/,A,2017-08-20 10:58:50
http://www.metallurgy.itb.ac.id/staff/staf-akademik/imam-santoso/,http://www.metallurgy.itb.ac.id/staff/staf-akademik/,A,2017-08-20 10:59:39
http://www.metallurgy.itb.ac.id/staff/staf-akademik/tria-laksana/,http://www.metallurgy.itb.ac.id/staff/staf-akademik/,A,2017-08-20 11:00:12
http://www.metallurgy.itb.ac.id/wp-content/uploads/2014/07/Edy-Sanwani.gif,http://www.metallurgy.itb.ac.id/staff/staf-akademik/,A,2017-08-20 11:00:26
http://www.metallurgy.itb.ac.id/events/event/student-paper-competition-snbb-2013/,http://www.metallurgy.itb.ac.id/events/venues/program-studi-teknik-metalurgi-itb/,,2017-08-20 11:00:53
http://www.metallurgy.itb.ac.id/staff/staf-akademik/staf-akademik-siti-khodijah/,http://www.metallurgy.itb.ac.id/staff/staf-akademik/,A,2017-08-20 11:01:04
http://www.metallurgy.itb.ac.id/staff/staf-akademik/akhmad-a-korda/,http://www.metallurgy.itb.ac.id/staff/staf-akademik/,A,2017-08-20 11:01:12
http://www.metallurgy.itb.ac.id/staff/staf-akademik/721-2/,http://www.metallurgy.itb.ac.id/staff/staf-akademik/,A,2017-08-20 11:01:22
http://www.metallurgy.itb.ac.id/staff/staf-akademik/zaki-mubarok/,http://www.metallurgy.itb.ac.id/staff/staf-akademik/,A,2017-08-20 11:01:29
http://www.metallurgy.itb.ac.id/staff/staf-akademik/zulfiadi-zulhan/,http://www.metallurgy.itb.ac.id/staff/staf-akademik/,A,2017-08-20 11:01:37
http://www.metallurgy.itb.ac.id/staff/staf-akademik/staf-edysanwani/,http://www.metallurgy.itb.ac.id/staff/staf-akademik/,A,2017-08-20 11:01:47
http://www.metallurgy.itb.ac.id/staff/staf-akademik/eddy-agus-basuki/,http://www.metallurgy.itb.ac.id/staff/staf-akademik/,A,2017-08-20 11:01:52
http://www.metallurgy.itb.ac.id/staff/staf-akademik/syoni-soepriyanto/,http://www.metallurgy.itb.ac.id/staff/staf-akademik/,,2017-08-20 11:01:57
